time,seconds_elapsed,batteryLevel,batteryState,lowPowerMode
1745877876762000000,1.011999755859375,1,unplugged,false
1745877877764000000,2.014,1,unplugged,false
1745877878767000000,3.017,1,unplugged,false
1745877879770000000,4.019999755859375,1,unplugged,false
1745877880775000000,5.025,1,unplugged,false
1745877881775000000,6.025,1,unplugged,false
1745877882780000000,7.03,1,unplugged,false
1745877883785000000,8.035,1,unplugged,false
1745877884791000000,9.041,1,unplugged,false
1745877885796000000,10.046,1,unplugged,false
1745877886801000000,11.051,1,unplugged,false
1745877887806000000,12.056000244140625,1,unplugged,false
1745877888808000000,13.058,1,unplugged,false
1745877889814000000,14.064000244140624,1,unplugged,false
1745877890819000000,15.069,1,unplugged,false
1745877891824000000,16.074,1,unplugged,false
1745877892825000000,17.075,1,unplugged,false
1745877893830000000,18.080000244140624,1,unplugged,false
1745877894835000000,19.085,1,unplugged,false
1745877895840000000,20.09,1,unplugged,false
1745877896845000000,21.095,1,unplugged,false
1745877897848000000,22.098,1,unplugged,false
1745877898856000000,23.106,1,unplugged,false
1745877899854000000,24.104000244140625,1,unplugged,false
1745877900861000000,25.111,1,unplugged,false
1745877901865000000,26.115,1,unplugged,false
1745877902870000000,27.120000244140623,1,unplugged,false
1745877903875000000,28.125,1,unplugged,false
1745877904880000000,29.13,1,unplugged,false
1745877905885000000,30.135,1,unplugged,false
1745877906887000000,31.137,1,unplugged,false
1745877907892000000,32.142,1,unplugged,false
1745877908897000000,33.147,1,unplugged,false
1745877909898000000,34.147999755859374,1,unplugged,false
1745877910903000000,35.153,1,unplugged,false
1745877911908000000,36.158,1,unplugged,false
1745877912913000000,37.163,1,unplugged,false
1745877913919000000,38.169,1,unplugged,false
1745877914924000000,39.174,1,unplugged,false
1745877915929000000,40.179,1,unplugged,false
1745877916934000000,41.18400024414063,1,unplugged,false
1745877917940000000,42.19,1,unplugged,false
1745877918945000000,43.195,1,unplugged,false
1745877919950000000,44.200000244140625,1,unplugged,false
1745877920955000000,45.205,1,unplugged,false
1745877921960000000,46.21,1,unplugged,false
1745877922965000000,47.215,1,unplugged,false
1745877923970000000,48.21999975585938,1,unplugged,false
1745877924976000000,49.226,1,unplugged,false
1745877925981000000,50.231,1,unplugged,false
1745877926986000000,51.235999755859375,1,unplugged,false
1745877927991000000,52.241,1,unplugged,false
1745877928996000000,53.246,1,unplugged,false
1745877930001000000,54.251,1,unplugged,false
1745877931006000000,55.25600024414062,1,unplugged,false
1745877932011000000,56.261,1,unplugged,false
1745877933017000000,57.267,1,unplugged,false
1745877934021000000,58.271,1,unplugged,false
1745877935026000000,59.275999755859374,1,unplugged,false
1745877936031000000,60.281,1,unplugged,false
1745877937036000000,61.286,1,unplugged,false
1745877938041000000,62.291,1,unplugged,false
1745877939047000000,63.297,1,unplugged,false
1745877940052000000,64.302,1,unplugged,false
1745877941057000000,65.307,1,unplugged,false
1745877942062000000,66.31200024414062,1,unplugged,false
1745877943067000000,67.317,1,unplugged,false
1745877944072000000,68.322,1,unplugged,false
1745877945077000000,69.327,1,unplugged,false
1745877946082000000,70.33199975585937,1,unplugged,false
1745877947087000000,71.337,1,unplugged,false
1745877948092000000,72.342,1,unplugged,false
1745877949098000000,73.34799975585938,1,unplugged,false
1745877950103000000,74.353,1,unplugged,false
1745877951108000000,75.358,1,unplugged,false
1745877952113000000,76.363,1,unplugged,false
1745877953118000000,77.36800024414063,1,unplugged,false
1745877954123000000,78.373,1,unplugged,false
1745877955128000000,79.378,1,unplugged,false
1745877956130000000,80.37999975585937,1,unplugged,false
1745877957135000000,81.385,1,unplugged,false
1745877958140000000,82.39,1,unplugged,false
1745877959145000000,83.395,1,unplugged,false
1745877960151000000,84.401,1,unplugged,false
1745877961156000000,85.406,1,unplugged,false
1745877962161000000,86.411,1,unplugged,false
1745877963165000000,87.415,1,unplugged,false
1745877964170000000,88.41999975585938,1,unplugged,false
1745877965175000000,89.425,1,unplugged,false
1745877966178000000,90.42799975585937,1,unplugged,false
